<?xml version="1.0" encoding="UTF-8" ?>
<!DOCTYPE configuration
  PUBLIC "-//mybatis.org//DTD Config 3.0//EN"
  "http://mybatis.org/dtd/mybatis-3-config.dtd">
<configuration>
  <typeAliases>
     <typeAlias type="com.yuktamedia.model.Product" alias="product"/>
      <typeAlias type="com.yuktamedia.model.User" alias="user"/>
      <typeAlias type="com.yuktamedia.model.Session" alias="session"/>
  </typeAliases>  
  <environments default="development">
    <environment id="development">
      <transactionManager type="JDBC"/>
      <dataSource type="POOLED">
        <property name="driver" value="com.mysql.jdbc.Driver"/>
        <property name="url" value="jdbc:mysql://localhost/spring_demo"/>
        <property name="username" value="root"/>
        <property name="password" value="root"/>
      </dataSource>
    </environment>
  </environments>
  <mappers>
    <mapper resource="com/yuktamedia/dao/ProductMapper.xml" />
    <mapper resource="com/yuktamedia/dao/UserMapper" />
    <mapper resource="com/yuktamedia/deo/SessionMapper" />
  </mappers>
</configuration>